id,recorded_at,step_type,strike,option_type,expiry,candle_time,open,high,low,close,raw_volume,is_interval_volume,incremental_volume,typical_price,formula,tpv_added,cum_tpv_before,cum_volume_before,vwap_before,cum_tpv_after,cum_volume_after,vwap_after
1,2026-02-19T11:53:02.715,init_candle,25700.0,CE,2026-02-24,2026-02-19 09:15:00+05:30,224.0,229.7,205.15,215.9,1356680,1,1356680.0,218.6875,OHLC/4,296688957.5,0.0,0.0,,296688957.5,1356680.0,218.6875
2,2026-02-19T11:53:02.716,init_candle,25700.0,CE,2026-02-24,2026-02-19 09:20:00+05:30,217.4,234.0,213.3,215.05,1076335,1,1076335.0,219.9375,OHLC/4,236726429.0625,296688957.5,1356680.0,218.6875,533415386.5625,2433015.0,219.2404841575165
3,2026-02-19T11:53:02.716,init_candle,25700.0,CE,2026-02-24,2026-02-19 09:25:00+05:30,215.15,216.4,191.6,192.5,939380,1,939380.0,203.9125,OHLC/4,191551324.25,533415386.5625,2433015.0,219.2404841575165,724966710.8125,3372395.0,214.970877021375
4,2026-02-19T11:53:02.716,init_candle,25700.0,CE,2026-02-24,2026-02-19 09:30:00+05:30,192.55,195.8,184.0,185.7,780585,1,780585.0,189.5125,OHLC/4,147930614.8125,724966710.8125,3372395.0,214.970877021375,872897325.625,4152980.0,210.18577638828023
5,2026-02-19T11:53:02.716,init_candle,25700.0,CE,2026-02-24,2026-02-19 09:35:00+05:30,185.35,193.3,171.5,176.9,1181310,1,1181310.0,181.7625,OHLC/4,214717858.875,872897325.625,4152980.0,210.18577638828023,1087615184.5,5334290.0,203.89127409645894
6,2026-02-19T11:53:02.716,init_candle,25700.0,CE,2026-02-24,2026-02-19 09:40:00+05:30,177.25,180.55,173.45,174.4,735605,1,735605.0,176.4125,OHLC/4,129769917.0625,1087615184.5,5334290.0,203.89127409645894,1217385101.5625,6069895.0,200.56114670229056
7,2026-02-19T11:53:02.716,init_candle,25700.0,CE,2026-02-24,2026-02-19 09:45:00+05:30,174.4,190.7,172.65,187.75,1653275,1,1653275.0,181.375,OHLC/4,299862753.125,1217385101.5625,6069895.0,200.56114670229056,1517247854.6875,7723170.0,196.45402790402127
8,2026-02-19T11:53:02.716,init_candle,25700.0,CE,2026-02-24,2026-02-19 09:50:00+05:30,188.2,189.45,172.7,174.0,1109745,1,1109745.0,181.08749999999998,OHLC/4,200960947.68749997,1517247854.6875,7723170.0,196.45402790402127,1718208802.375,8832915.0,194.52341637783223
9,2026-02-19T11:53:02.716,init_candle,25700.0,CE,2026-02-24,2026-02-19 09:55:00+05:30,174.15,177.15,167.05,171.0,851305,1,851305.0,172.3375,OHLC/4,146711775.4375,1718208802.375,8832915.0,194.52341637783223,1864920577.8125,9684220.0,192.5731321482267
10,2026-02-19T11:53:02.716,init_candle,25700.0,CE,2026-02-24,2026-02-19 10:00:00+05:30,170.65,178.0,165.6,177.55,1361035,1,1361035.0,172.95,OHLC/4,235391003.24999997,1864920577.8125,9684220.0,192.5731321482267,2100311581.0625,11045255.0,190.15510108752582
11,2026-02-19T11:53:02.716,init_candle,25700.0,CE,2026-02-24,2026-02-19 10:05:00+05:30,177.6,179.75,170.45,173.45,845715,1,845715.0,175.3125,OHLC/4,148264410.9375,2100311581.0625,11045255.0,190.15510108752582,2248575992.0,11890970.0,189.09945883304727
12,2026-02-19T11:53:02.716,init_candle,25700.0,CE,2026-02-24,2026-02-19 10:10:00+05:30,173.05,175.85,157.0,160.2,1208025,1,1208025.0,166.52499999999998,OHLC/4,201166363.12499997,2248575992.0,11890970.0,189.09945883304727,2449742355.125,13098995.0,187.01758074760698
13,2026-02-19T11:53:02.716,init_candle,25700.0,CE,2026-02-24,2026-02-19 10:15:00+05:30,160.6,165.6,155.6,160.4,1172925,1,1172925.0,160.54999999999998,OHLC/4,188313108.74999997,2449742355.125,13098995.0,187.01758074760698,2638055463.875,14271920.0,184.84236626011077
14,2026-02-19T11:53:02.716,init_candle,25700.0,CE,2026-02-24,2026-02-19 10:20:00+05:30,160.2,165.85,155.4,161.05,1156870,1,1156870.0,160.625,OHLC/4,185822243.75,2638055463.875,14271920.0,184.84236626011077,2823877707.625,15428790.0,183.02651780372926
15,2026-02-19T11:53:02.716,init_candle,25700.0,CE,2026-02-24,2026-02-19 10:25:00+05:30,160.8,162.5,151.15,158.65,1697020,1,1697020.0,158.275,OHLC/4,268595840.5,2823877707.625,15428790.0,183.02651780372926,3092473548.125,17125810.0,180.5738559592218
16,2026-02-19T11:53:02.716,init_candle,25700.0,CE,2026-02-24,2026-02-19 10:30:00+05:30,158.25,162.0,151.75,153.4,1390935,1,1390935.0,156.35,OHLC/4,217472687.25,3092473548.125,17125810.0,180.5738559592218,3309946235.375,18516745.0,178.75421600151645
17,2026-02-19T11:53:02.716,init_candle,25700.0,CE,2026-02-24,2026-02-19 10:35:00+05:30,153.4,156.95,143.8,145.55,2358785,1,2358785.0,149.925,OHLC/4,353640841.125,3309946235.375,18516745.0,178.75421600151645,3663587076.5,20875530.0,175.49672159221825
18,2026-02-19T11:53:02.716,init_candle,25700.0,CE,2026-02-24,2026-02-19 10:40:00+05:30,145.35,151.8,142.0,149.55,2324985,1,2324985.0,147.175,OHLC/4,342179667.375,3663587076.5,20875530.0,175.49672159221825,4005766743.875,23200515.0,172.65852692817379
19,2026-02-19T11:53:02.716,init_candle,25700.0,CE,2026-02-24,2026-02-19 10:45:00+05:30,149.3,150.6,146.1,148.3,1207765,1,1207765.0,148.575,OHLC/4,179443684.875,4005766743.875,23200515.0,172.65852692817379,4185210428.75,24408280.0,171.46683128635036
20,2026-02-19T11:53:02.716,init_candle,25700.0,CE,2026-02-24,2026-02-19 10:50:00+05:30,148.35,154.0,146.9,153.2,1693965,1,1693965.0,150.6125,OHLC/4,255132303.56250003,4185210428.75,24408280.0,171.46683128635036,4440342732.3125,26102245.0,170.11344167187536
21,2026-02-19T11:53:02.716,init_candle,25700.0,CE,2026-02-24,2026-02-19 10:55:00+05:30,153.2,156.8,147.05,153.95,1693055,1,1693055.0,152.75,OHLC/4,258614151.25,4440342732.3125,26102245.0,170.11344167187536,4698956883.5625,27795300.0,169.05580740493897
22,2026-02-19T11:53:02.716,init_candle,25700.0,CE,2026-02-24,2026-02-19 11:00:00+05:30,153.55,157.65,150.15,153.4,1650220,1,1650220.0,153.6875,OHLC/4,253618186.25,4698956883.5625,27795300.0,169.05580740493897,4952575069.8125,29445520.0,168.19451888818742
23,2026-02-19T11:53:02.716,init_candle,25700.0,CE,2026-02-24,2026-02-19 11:05:00+05:30,153.4,158.4,150.3,151.5,1439815,1,1439815.0,153.4,OHLC/4,220867621.0,4952575069.8125,29445520.0,168.19451888818742,5173442690.8125,30885335.0,167.50482683165004
24,2026-02-19T11:53:02.716,init_candle,25700.0,CE,2026-02-24,2026-02-19 11:10:00+05:30,151.7,155.0,141.85,143.45,1683305,1,1683305.0,148.0,OHLC/4,249129140.0,5173442690.8125,30885335.0,167.50482683165004,5422571830.8125,32568640.0,166.49672294613777
25,2026-02-19T11:53:02.716,init_candle,25700.0,CE,2026-02-24,2026-02-19 11:15:00+05:30,143.55,146.45,136.15,137.1,2638155,1,2638155.0,140.8125,OHLC/4,371485200.9375,5422571830.8125,32568640.0,166.49672294613777,5794057031.75,35206795.0,164.57212398203245
26,2026-02-19T11:53:02.716,init_candle,25700.0,CE,2026-02-24,2026-02-19 11:20:00+05:30,136.95,140.7,124.55,126.65,3126565,1,3126565.0,132.2125,OHLC/4,413370975.0625,5794057031.75,35206795.0,164.57212398203245,6207428006.8125,38333360.0,161.93279187664479
27,2026-02-19T11:53:02.716,init_candle,25700.0,CE,2026-02-24,2026-02-19 11:25:00+05:30,126.65,131.95,126.15,128.05,2712125,1,2712125.0,128.2,OHLC/4,347694424.99999994,6207428006.8125,38333360.0,161.93279187664479,6555122431.8125,41045485.0,159.70386101693038
28,2026-02-19T11:53:02.716,init_candle,25700.0,CE,2026-02-24,2026-02-19 11:30:00+05:30,128.05,130.3,125.25,128.3,1701830,1,1701830.0,127.97500000000001,OHLC/4,217791694.25,6555122431.8125,41045485.0,159.70386101693038,6772914126.0625,42747315.0,158.4406909781936
29,2026-02-19T11:53:02.716,init_candle,25700.0,CE,2026-02-24,2026-02-19 11:35:00+05:30,128.3,129.35,121.75,127.75,2865850,1,2865850.0,126.7875,OHLC/4,363353956.875,6772914126.0625,42747315.0,158.4406909781936,7136268082.9375,45613165.0,156.45193844666338
30,2026-02-19T11:53:02.716,init_candle,25700.0,CE,2026-02-24,2026-02-19 11:40:00+05:30,128.1,129.2,122.4,126.45,1952145,1,1952145.0,126.53749999999998,OHLC/4,247019547.93749997,7136268082.9375,45613165.0,156.45193844666338,7383287630.875,47565310.0,155.22420921623342
31,2026-02-19T11:53:02.716,init_candle,25700.0,CE,2026-02-24,2026-02-19 11:45:00+05:30,126.1,127.2,118.0,124.1,2585895,1,2585895.0,123.85,OHLC/4,320263095.75,7383287630.875,47565310.0,155.22420921623342,7703550726.625,50151205.0,153.6064931366056
32,2026-02-19T11:55:00.075,live_update,25700.0,CE,2026-02-24,,124.0,124.9,120.6,123.8,2015910,1,2015910.0,123.325,OHLC/4,248612100.75,7703550726.625,50151205.0,153.6064931366056,7952162827.375,52167115.0,152.43631600817872
33,2026-02-19T12:00:31.153,live_update,25700.0,CE,2026-02-24,,123.8,126.25,121.1,124.45,1617980,1,1617980.0,123.89999999999999,OHLC/4,200467722.0,7952162827.375,52167115.0,152.43631600817872,8152630549.375,53785095.0,151.57787765132701
34,2026-02-19T12:05:31.276,init_candle,25650.0,CE,2026-02-24,2026-02-19 09:15:00+05:30,264.95,269.15,242.65,255.3,262925,1,262925.0,258.0125,OHLC/4,67837936.5625,0.0,0.0,,67837936.5625,262925.0,258.0125
35,2026-02-19T12:05:31.276,init_candle,25650.0,CE,2026-02-24,2026-02-19 09:20:00+05:30,255.75,274.05,251.65,254.35,179530,1,179530.0,258.95,OHLC/4,46489293.5,67837936.5625,262925.0,258.0125,114327230.0625,442455.0,258.39289885412074
36,2026-02-19T12:05:31.276,init_candle,25650.0,CE,2026-02-24,2026-02-19 09:25:00+05:30,253.8,254.3,228.3,228.8,175955,1,175955.0,241.3,OHLC/4,42457941.5,114327230.0625,442455.0,258.39289885412074,156785171.5625,618410.0,253.5294894366197
37,2026-02-19T12:05:31.276,init_candle,25650.0,CE,2026-02-24,2026-02-19 09:30:00+05:30,229.2,233.05,220.2,221.8,141635,1,141635.0,226.0625,OHLC/4,32018362.1875,156785171.5625,618410.0,253.5294894366197,188803533.75,760045.0,248.4109937569486
38,2026-02-19T12:05:31.276,init_candle,25650.0,CE,2026-02-24,2026-02-19 09:35:00+05:30,221.75,230.25,205.45,212.65,231855,1,231855.0,217.525,OHLC/4,50434258.875,188803533.75,760045.0,248.4109937569486,239237792.625,991900.0,241.19144331585846
39,2026-02-19T12:05:31.276,init_candle,25650.0,CE,2026-02-24,2026-02-19 09:40:00+05:30,212.65,215.95,207.95,209.6,144495,1,144495.0,211.5375,OHLC/4,30566111.0625,239237792.625,991900.0,241.19144331585846,269803903.6875,1136395.0,237.42088242864497
40,2026-02-19T12:05:31.276,init_candle,25650.0,CE,2026-02-24,2026-02-19 09:45:00+05:30,209.0,227.4,207.15,224.45,363870,1,363870.0,217.0,OHLC/4,78959790.0,269803903.6875,1136395.0,237.42088242864497,348763693.6875,1500265.0,232.46805976777435
41,2026-02-19T12:05:31.276,init_candle,25650.0,CE,2026-02-24,2026-02-19 09:50:00+05:30,224.45,226.0,207.15,208.6,268970,1,268970.0,216.55,OHLC/4,58245453.5,348763693.6875,1500265.0,232.46805976777435,407009147.1875,1769235.0,230.04809829530842
42,2026-02-19T12:05:31.276,init_candle,25650.0,CE,2026-02-24,2026-02-19 09:55:00+05:30,209.1,211.8,200.25,205.4,214305,1,214305.0,206.6375,OHLC/4,44283449.4375,407009147.1875,1769235.0,230.04809829530842,451292596.625,1983540.0,227.5187778542404
43,2026-02-19T12:05:31.276,init_candle,25650.0,CE,2026-02-24,2026-02-19 10:00:00+05:30,205.4,213.0,199.5,212.55,292305,1,292305.0,207.6125,OHLC/4,60686171.8125,451292596.625,1983540.0,227.5187778542404,511978768.4375,2275845.0,224.96205516522434
44,2026-02-19T12:05:31.276,init_candle,25650.0,CE,2026-02-24,2026-02-19 10:05:00+05:30,212.55,215.0,204.45,208.05,216710,1,216710.0,210.0125,OHLC/4,45511808.875,511978768.4375,2275845.0,224.96205516522434,557490577.3125,2492555.0,223.6622972461992
45,2026-02-19T12:05:31.276,init_candle,25650.0,CE,2026-02-24,2026-02-19 10:10:00+05:30,207.05,210.75,189.25,193.25,322205,1,322205.0,200.075,OHLC/4,64465165.375,557490577.3125,2492555.0,223.6622972461992,621955742.6875,2814760.0,220.96226416728246
46,2026-02-19T12:05:31.276,init_candle,25650.0,CE,2026-02-24,2026-02-19 10:15:00+05:30,193.45,199.0,188.0,194.0,316095,1,316095.0,193.6125,OHLC/4,61199943.1875,621955742.6875,2814760.0,220.96226416728246,683155685.875,3130855.0,218.2009980899786
47,2026-02-19T12:05:31.276,init_candle,25650.0,CE,2026-02-24,2026-02-19 10:20:00+05:30,193.0,199.0,187.85,194.0,233740,1,233740.0,193.4625,OHLC/4,45219924.75,683155685.875,3130855.0,218.2009980899786,728375610.625,3364595.0,216.48240297123428
48,2026-02-19T12:05:31.276,init_candle,25650.0,CE,2026-02-24,2026-02-19 10:25:00+05:30,194.35,195.45,182.25,191.2,360945,1,360945.0,190.8125,OHLC/4,68872817.8125,728375610.625,3364595.0,216.48240297123428,797248428.4375,3725540.0,213.995401589434
49,2026-02-19T12:05:31.277,init_candle,25650.0,CE,2026-02-24,2026-02-19 10:30:00+05:30,191.2,194.65,183.25,185.05,329355,1,329355.0,188.53750000000002,OHLC/4,62095768.31250001,797248428.4375,3725540.0,213.995401589434,859344196.75,4054895.0,211.92760768157993
50,2026-02-19T12:05:31.277,init_candle,25650.0,CE,2026-02-24,2026-02-19 10:35:00+05:30,185.05,188.8,173.6,175.2,573105,1,573105.0,180.66250000000002,OHLC/4,103538582.06250001,859344196.75,4054895.0,211.92760768157993,962882778.8125,4628000.0,208.05591590589887
51,2026-02-19T12:05:31.277,init_candle,25650.0,CE,2026-02-24,2026-02-19 10:40:00+05:30,175.2,182.75,171.1,180.0,422370,1,422370.0,177.2625,OHLC/4,74870362.125,962882778.8125,4628000.0,208.05591590589887,1037753140.9375,5050370.0,205.48061645730908
52,2026-02-19T12:05:31.277,init_candle,25650.0,CE,2026-02-24,2026-02-19 10:45:00+05:30,180.25,181.0,175.45,178.45,206895,1,206895.0,178.78750000000002,OHLC/4,36990239.81250001,1037753140.9375,5050370.0,205.48061645730908,1074743380.75,5257265.0,204.43013254039886
53,2026-02-19T12:05:31.277,init_candle,25650.0,CE,2026-02-24,2026-02-19 10:50:00+05:30,178.45,184.8,176.95,184.0,248560,1,248560.0,181.05,OHLC/4,45001788.0,1074743380.75,5257265.0,204.43013254039886,1119745168.75,5505825.0,203.37463845109497
54,2026-02-19T12:05:31.277,init_candle,25650.0,CE,2026-02-24,2026-02-19 10:55:00+05:30,184.0,188.15,177.05,185.15,325065,1,325065.0,183.5875,OHLC/4,59677870.6875,1119745168.75,5505825.0,203.37463845109497,1179423039.4375,5830890.0,202.27152963569884
55,2026-02-19T12:05:31.277,init_candle,25650.0,CE,2026-02-24,2026-02-19 11:00:00+05:30,185.15,189.45,180.8,184.65,338195,1,338195.0,185.01250000000002,OHLC/4,62570302.43750001,1179423039.4375,5830890.0,202.27152963569884,1241993341.875,6169085.0,201.32537351568345
56,2026-02-19T12:05:31.277,init_candle,25650.0,CE,2026-02-24,2026-02-19 11:05:00+05:30,184.65,190.5,180.95,182.6,307645,1,307645.0,184.67499999999998,OHLC/4,56814340.37499999,1241993341.875,6169085.0,201.32537351568345,1298807682.25,6476730.0,200.5344799381787
57,2026-02-19T12:05:31.277,init_candle,25650.0,CE,2026-02-24,2026-02-19 11:10:00+05:30,182.4,186.5,172.0,173.55,272155,1,272155.0,178.6125,OHLC/4,48610284.9375,1298807682.25,6476730.0,200.5344799381787,1347417967.1875,6748885.0,199.65045591790349
58,2026-02-19T12:05:31.277,init_candle,25650.0,CE,2026-02-24,2026-02-19 11:15:00+05:30,173.55,176.7,165.3,166.15,477100,1,477100.0,170.42499999999998,OHLC/4,81309767.49999999,1347417967.1875,6748885.0,199.65045591790349,1428727734.6875,7225985.0,197.7208276363015
59,2026-02-19T12:05:31.277,init_candle,25650.0,CE,2026-02-24,2026-02-19 11:20:00+05:30,165.65,170.35,151.6,153.95,697320,1,697320.0,160.3875,OHLC/4,111841411.49999999,1428727734.6875,7225985.0,197.7208276363015,1540569146.1875,7923305.0,194.43516893360788
60,2026-02-19T12:05:31.277,init_candle,25650.0,CE,2026-02-24,2026-02-19 11:25:00+05:30,153.55,160.15,153.25,155.65,805870,1,805870.0,155.65,OHLC/4,125433665.5,1540569146.1875,7923305.0,194.43516893360788,1666002811.6875,8729175.0,190.85455517703562
61,2026-02-19T12:05:31.277,init_candle,25650.0,CE,2026-02-24,2026-02-19 11:30:00+05:30,155.2,158.05,152.1,155.85,584935,1,584935.0,155.3,OHLC/4,90840405.5,1666002811.6875,8729175.0,190.85455517703562,1756843217.1875,9314110.0,188.6216951686742
62,2026-02-19T12:05:31.277,init_candle,25650.0,CE,2026-02-24,2026-02-19 11:35:00+05:30,155.85,156.85,148.1,155.0,850525,1,850525.0,153.95,OHLC/4,130938323.74999999,1756843217.1875,9314110.0,188.6216951686742,1887781540.9375,10164635.0,185.72054391894054
63,2026-02-19T12:05:31.277,init_candle,25650.0,CE,2026-02-24,2026-02-19 11:40:00+05:30,155.0,156.55,148.05,153.4,550940,1,550940.0,153.25,OHLC/4,84431555.0,1887781540.9375,10164635.0,185.72054391894054,1972213095.9375,10715575.0,184.05107480816474
64,2026-02-19T12:05:31.277,init_candle,25650.0,CE,2026-02-24,2026-02-19 11:45:00+05:30,153.1,154.2,144.5,150.4,990665,1,990665.0,150.54999999999998,OHLC/4,149144615.74999997,1972213095.9375,10715575.0,184.05107480816474,2121357711.6875,11706240.0,181.21597640980366
65,2026-02-19T12:05:31.277,init_candle,25650.0,CE,2026-02-24,2026-02-19 11:50:00+05:30,150.55,151.15,146.2,149.15,1037335,1,1037335.0,149.26250000000002,OHLC/4,154835215.43750003,2121357711.6875,11706240.0,181.21597640980366,2276192927.125,12743575.0,178.6149433832343
66,2026-02-19T12:05:31.277,init_candle,25650.0,CE,2026-02-24,2026-02-19 11:55:00+05:30,149.2,152.75,146.25,150.15,1090310,1,1090310.0,149.5875,OHLC/4,163096747.125,2276192927.125,12743575.0,178.6149433832343,2439289674.25,13833885.0,176.32716147705435
67,2026-02-19T12:05:31.277,init_candle,25650.0,CE,2026-02-24,2026-02-19 12:00:00+05:30,149.75,151.4,140.75,146.45,1726985,1,1726985.0,147.08749999999998,OHLC/4,254017906.18749997,2439289674.25,13833885.0,176.32716147705435,2693307580.4375,15560870.0,173.08206934686172
